{
    "Recall": 0.8502673796791443,
    "Precision": 0.5530434782608695,
    "F1": 0.6701791359325605,
    "AUC-ROC": 0.8945619881681264,
    "Accuracy": 0.7778566359119943
}